concept,betweenness,weighted_degree
surplus_value,0.04942842402170458,2023
capital,0.03529642274203557,637
division_of_labour,0.03270649520752399,133
class_struggle,0.03041757637752025,717
means_of_production,0.02889102908922704,390
productive_forces,0.024955557389340292,92
money,0.024338441725124206,289
commodity,0.022983940097480286,612
fixed_capital,0.022703776611501716,571
materialism,0.021487597258499417,181
capitalist_mode_of_production,0.02144920758853031,139
dialectical_materialism,0.020203591433117497,108
labour,0.019784409589363557,398
communism,0.01917186736257554,57
bourgeoisie,0.018775233109366428,86
dictatorship_of_the_proletariat,0.018681768755852944,338
competition,0.018080582646881588,84
constant_capital,0.018022067416189624,1456
labour_power,0.017494874174892174,516
alienation,0.01737933580467254,80
money_capital,0.017125483598502963,370
capital_accumulation_crisis,0.01709842608610768,197
rate_of_profit,0.016655179934043907,932
proletariat,0.01608132745319275,63
rent,0.01601848052785618,520
value,0.01438719947734595,927
state,0.013580005713742394,24
capitalist_production,0.013459692984708794,74
wage_labour,0.013365017763337756,63
imperialism,0.0133142218634488,312
historical_materialism,0.01304983271606131,159
profit,0.012973024227320785,660
private_property,0.012919491275346967,57
variable_capital,0.01243740595550658,1290
reform_vs_revolution,0.012320057145009106,41
socialism,0.012186156882283606,82
soviet_power,0.011608195607536585,376
democracy,0.01124402389837782,29
opportunism,0.01101034152951218,43
marxism,0.0109129683924963,32
commodity_capital,0.010556769351870452,287
peasantry_as_revolutionary_base,0.009935010700060816,161
productive_capital,0.009617127089168257,215
circulating_capital,0.009428341129118572,464
slavery,0.009355530746971798,16
mode_of_production,0.00901781227030863,50
exchange_value,0.008267369324021683,317
use_value,0.008244485857632388,433
revolutionary_agency,0.008219453282920034,197
wages,0.008172563259196535,316
idealism,0.007987536923756927,131
surplus_profit,0.007922125039859533,104
industrial_capital,0.0077025858013587845,126
revenue,0.007415271643631669,81
working_class,0.007411598365755046,23
means_of_subsistence,0.00714529985294394,56
degenerated_workers_state,0.0071038746447645495,53
machism,0.006912085315325842,25
commodity_production,0.006069496183841225,29
vanguard_party,0.006017747778477147,218
general_rate_of_profit,0.005917595021615764,78
capitalism,0.005666706592574582,34
bourgeois_democracy,0.005653299936166071,27
state_capitalism,0.005619444048543798,37
reproduction,0.005544226124742402,56
consciousness,0.005539675745782432,15
base_superstructure,0.0054968346394093474,137
productive_labour,0.00549604446951343,168
merchant_capital,0.00543257063839633,77
productivity_of_labour,0.005417127490166297,144
revolutionary_war,0.005136852765579827,18
bureaucracy,0.005076523612671399,42
monopoly,0.0050199914421976445,37
unproductive_labour,0.004966248680771301,114
organic_composition_of_capital,0.004833665432435724,134
price_of_production,0.004761743037468902,193
empirio_criticism,0.0047447625026927915,35
federalism,0.004619360966926886,11
productivity,0.004500376571966824,41
productive_power_of_labour,0.004453959909834569,22
price,0.0044192525159026845,156
law_of_value,0.004416593785711243,50
labour_process,0.004382821023395769,102
over_production,0.004202972810848502,22
law,0.004188933199581485,7
differential_rent,0.00417346911123011,141
contradiction,0.0041534108526293835,15
military_communism,0.0041063589122833834,5
petty_bourgeoisie,0.0040887821216787626,24
social_capital,0.004083423179387628,34
labour_time,0.00398438523167484,143
bourgeois_society,0.0039619661792504365,11
machinery,0.0038838746982510193,54
commodities,0.0038435937239775135,43
interest,0.003819636059676086,130
commodity_value,0.003811856210004631,44
manufacture,0.0036856695777201243,37
raw_materials,0.0036347395744482547,41
centralized_state,0.0035968705703429177,3
gold,0.003594148733134093,45
credit_system,0.0035905773863980097,26
property,0.003539874248804337,12
average_profit,0.003532781945552177,48
proletarian_revolution,0.0033990429679954873,43
capitalist,0.0033431923724665524,37
interest_rate,0.003184225287773897,57
landed_property,0.0031525545698209236,46
spontaneity,0.0031300612027052774,46
matter,0.0031229871018236825,15
centralisation,0.0031087069220708356,18
market_value,0.0030644933798298344,119
raw_material,0.0030446376545672535,62
wage_labor,0.003035934014784456,5
accumulation_of_capital,0.002993033124766514,33
bourgeois,0.002978007249193108,6
insurrection,0.0029632934326415013,10
productive_powers_of_labour,0.0028179394319536965,11
division_of_labor,0.0028129591097648524,20
ground_rent,0.002745756045060604,87
overproduction,0.002692630160149408,13
surplus_product,0.0026743666399996913,77
simple_reproduction,0.0026655741545965504,86
social_democracy,0.0026638307281106736,16
natural_fertility,0.0026392978258777634,10
collectivization,0.0025828365546250623,18
prostitution,0.00257262331740743,5
local_autonomy,0.0025708664610559115,8
religion,0.0025708664610559115,4
five_year_plan,0.0025708664610559115,3
positivism,0.00255673169375127,18
value_of_labour,0.002547066203660541,29
money_form,0.0024891118194744874,51
finance_capital,0.0024541718643291592,34
practice_and_knowledge,0.00243506712641709,22
working_day,0.002426996895296212,57
natural_price,0.0024257185944395344,50
credit,0.002421173407871109,34
bourgeois_revolution,0.0024173788057690643,26
polygyny,0.002381524676977654,8
cooperatives,0.0023451038844146126,8
subjective_idealism,0.002340674244166339,17
commodity_circulation,0.0023360164611605553,20
rent_of_land,0.0023239955671152056,12
centralism,0.0023196159562636895,22
simple_commodity_circulation,0.002308718299889281,5
cost_prices,0.0022944975369456676,20
national_self_determination,0.00222543046625713,107
equality,0.0022197552545682414,5
peasantry,0.002175599165068322,20
market,0.0021579997446461844,19
market_price,0.002154108598728608,79
circulation,0.002108517522264822,63
proletarian_internationalism,0.002103760428071575,130
leninism_as_doctrine,0.0021006718361116987,15
real_wages,0.0020963937863136372,10
slave_labor,0.0020720868456431778,5
rate_of_interest,0.002061281417971471,63
planned_economy,0.0020607079399942367,10
relative_surplus_population,0.0020593284533720075,10
administrative_centralism,0.0020593284533720075,5
left_opposition,0.0020593284533720075,5
instrument_of_production,0.002058742834588168,6
intensification_of_labour,0.0020578644064124085,5
bolshevism,0.0020460531428157028,13
supply_and_demand,0.002023324706997588,28
labour_productivity,0.002019752382862309,40
subjectivism,0.0020192826895799624,20
economic_construction,0.0020063426263474955,13
exchange,0.00200266983229965,34
concentration_of_production,0.001983983178440298,18
productive_labor,0.001981798536044261,10
turnover_time,0.0019637133222027404,29
revolution,0.0019579970070766344,13
cost_price,0.0019574519017487696,201
privilege,0.0019395786224421076,14
intensity_of_labour,0.0019337996291974046,30
rate_of_rent,0.0019331709522468167,25
regulating_price_of_production,0.0019284574270966401,10
petty_bourgeois,0.0019262848981359698,14
reproduction_of_capital,0.001907477287162623,10
egoism,0.001901188867312098,8
accumulation,0.0018829982261927697,135
social_labour,0.0018200625574675455,28
state_property,0.0017989408701621756,9
usury,0.0017924855845275406,12
wealth,0.001746617749732089,42
absolute_rent,0.0017447359278864915,121
living_labour,0.0017350343421440408,105
social_division_of_labour,0.0017310112166349623,13
combined_uneven_development,0.0017294092567907377,19
social_relations,0.0017292464783479667,7
truth,0.0017160582429113812,5
group_marriage,0.0016697295222253706,7
production_process,0.0016433719117823328,21
turnover,0.0016380667485828074,80
productive_class,0.0016273286597845121,12
instrument_of_labour,0.0015847024844737197,75
commercial_credit,0.0015835205986914457,8
ego,0.0015823020615142193,6
principal_contradiction,0.0015817818944812926,23
common_property,0.0015661186792819437,9
productiveness_of_labour,0.0015568540294316042,18
scientific_socialism,0.0015452972029824357,7
stakhanov_movement,0.0015451551611608252,4
american_efficiency,0.0015448623517689052,4
metamorphosis,0.0015445695423769855,7
industrial_production,0.0015443743361157056,5
market_prices,0.0015442767329850657,2
experience,0.0015442767329850657,8
land,0.0015429041354519562,51
value_of_money,0.0015392130910861371,5
aggregate_process,0.0015147336395118435,7
money_rent,0.0014896328311856035,30
revisionism,0.0014789138149008012,13
productive_power,0.0014378254236822336,19
commercial_capital,0.001435866983773971,51
democratic_republic,0.0014023946746957456,15
class_rule,0.0014002062925298102,6
anarchism,0.0013741830443212862,11
advanced_capital,0.001366920840574684,46
bourgeois_democratic_revolution,0.0013550393638181138,17
social_labor,0.0013451842432950028,24
reproduction_process,0.0013428081390552233,37
speculation,0.001342513018479414,16
bureaucratic_collectivism,0.0013117947377637989,5
cost_of_production,0.001297636638338963,8
money_circulation,0.0012950365907330118,18
commodity_prices,0.0012931356615170015,8
value_of_labor,0.0012874828962713945,7
industry,0.0012854332305279558,2
social_revolution,0.0012364460988967827,9
ruling_class,0.001235696191392513,5
compulsory_labor,0.001221349864725774,5
consumable_product,0.0012056446142717355,8
cooperative_labour,0.001201592141308209,4
hegeliann_philosophy,0.0012012993319163263,3
total_capital,0.0011838197279690516,150
science,0.0011772249101226905,6
circulation_time,0.0011551560025354457,18
economic_plan,0.0011534795312543853,6
human_labour,0.0011471236440910716,11
liberalism,0.0011460155939643376,9
necessary_labour,0.0011434862289355899,52
circulation_period,0.0011283934779450402,35
agnosticism,0.001125786284454088,28
professional_revolutionary,0.0011049828617103387,3
parliamentarism,0.00109158300131017,9
capitalist_class,0.001086481470245407,28
distribution_value,0.0010708516307742593,7
exploitation,0.001059964791719447,5
dual_power,0.0010483071147898773,20
thing_in_itself,0.0010460174670764164,8
consumption,0.0010446560488870352,26
velocity_of_money,0.0010416798008255409,11
money_as_capital,0.0010383275925534394,10
circulation_costs,0.0010370880081124055,8
relative_value,0.0010355212054521676,64
kantianism,0.0010334557877246914,5
capitalist_development,0.0010303962501658033,4
history,0.0010303962501658033,5
sensation,0.0010303962501658033,3
absolute_equalitarianism,0.0010303962501658033,4
legal_relations,0.0010303962501658033,3
social_reproduction,0.0010303962501658033,4
private_enterprise,0.0010301034407738834,3
inflation,0.0010301034407738834,4
sensationalism,0.0010301034407738834,6
turnover_cycle,0.0010301034407738834,3
putschism,0.0010301034407738834,4
communist_society,0.0010301034407738834,3
hetaerism,0.0010301034407738834,3
forces_of_production,0.0010301034407738834,5
wages_profit_and_rent,0.0010301034407738834,4
individual_average_production_price,0.0010301034407738834,4
currency,0.0010301034407738834,14
capitalist_state,0.0010291777467037414,5
continuity,0.0010217661448264019,8
foreign_trade,0.0010038738536363879,21
labour_fund,0.000997697520717511,12
freedom,0.000992990502810104,8
feudal_system,0.000992830779802803,5
relations_of_production,0.0009678822875564988,18
engels,0.0009675046085118732,20
national_question,0.0009581102946795892,8
circuit_of_capital,0.0009414792888089256,27
social_labour_time,0.0009346752570685877,7
self_consciousness,0.0009089310052613431,14
force,0.0008958779311905061,6
peasant_dictatorship,0.0008956712249681899,3
wage_labourer,0.0008877909595055297,6
private_ownership_of_land,0.0008869813388544466,12
industrial_proletariat,0.0008762122236650361,6
revolutionary_social_democracy,0.0008687307092041701,9
provisional_government,0.0008614565099244528,6
socialised_production,0.0008449786656737555,15
socialist_revolution,0.0008237951813763244,19
demand,0.0008207325153568099,43
crisis,0.0007911471961949334,15
profits,0.0007828117135490153,21
rentier_state,0.0007722847711884928,4
empiricism,0.0007721383664925327,2
new_economic_policy,0.0007705878657764727,5
capital_turnover,0.0007568811841377139,44
capitalist_economy,0.0007518515049257345,3
mass_strike,0.000747704071140455,108
metaphysics,0.0007423326123790825,15
individual_capital,0.0007390534080843275,15
value_form,0.0007204974193650535,28
pre_existing_labour,0.0007131436902662979,13
trade_union_consciousness,0.0007120276815881231,85
abstract_labour,0.0006955435720136595,24
land_rent,0.0006949968726284635,14
depreciation,0.000694463418713279,22
democratic_dictatorship,0.0006936455858980193,12
circulation_of_capital,0.000692950026394095,9
communal_property,0.0006923474046167525,3
fichteanism,0.0006883970423258167,5
accumulated_labour,0.000686437500966789,14
turnover_periods,0.0006855557873241024,5
piece_wage,0.0006845922121911479,5
skilled_labour,0.0006668621384550077,11
labour_value,0.0006666973291390068,7
land_value,0.0006653042529248391,13
aggregate_social_capital,0.0006568957495085609,6
social_product,0.000655340892841849,11
autocracy,0.0006533802205487915,7
absolutism,0.000647512374476271,6
labour_theory_of_value,0.0006450057017491148,7
demand_for_capital,0.0006442647270385985,7
guilds,0.0006399868278522171,5
commodity_fetishism,0.0006386915217083277,21
communist_party,0.0006320395327301502,17
enlarged_reproduction,0.0006276642316007697,24
proceeds_of_labor,0.000621895603652525,4
political_economy,0.0006188127348636238,7
labour_aristocracy,0.0006170711509992904,14
provisional_revolutionary_government,0.0006160401534757502,10
naive_realism,0.0005974593419218997,6
world_market,0.0005939142034534275,13
average_price,0.0005923537448051303,19
circulation_process,0.0005904012408202193,15
monopolies,0.0005871969563125013,5
circulation_of_money,0.0005842475467773172,13
interest_bearing_capital,0.000582368863852549,32
surplus_labour,0.000581765641617599,33
monopoly_price,0.0005718965224519715,8
time_of_production,0.0005703166266792277,3
unproductive_classes,0.0005659984922532145,6
bourgeois_state,0.0005575510892948106,10
socialism_in_one_country,0.0005510319165118286,37
velocity_of_turnover,0.0005507883062579502,3
working_period,0.0005494999846243155,33
capital_accumulation,0.0005469253195364798,22
centralisation_of_capital,0.0005455503058756245,6
cooperative_manufacture,0.0005447392576323412,3
value_of_capital,0.0005436201494793601,11
instruments_of_labour,0.0005410870009680543,22
free_trade,0.0005394814925953816,6
humanism,0.0005383087867605039,15
materialist_theory_of_knowledge,0.000536664475557043,6
average_rate_of_profit,0.0005341537741479914,7
money_market,0.0005332488091633285,14
profit_rate,0.0005309792746671379,13
individual_cost_price,0.0005306024081152483,4
cultural_development,0.0005288613277762577,3
voluntaristic_idealism,0.0005259369278036417,3
physiocrats,0.0005256784426496108,3
capital_as_social_relation,0.0005249439131272734,4
idealist,0.0005238621400897127,6
labour_as_commodity,0.0005207892533467747,3
equivalent_form,0.0005207626566157854,17
exchangeable_value,0.0005169895492098555,10
democratic_revolution,0.0005162326429574192,4
department_ii,0.0005162204832785253,42
fictitious_capital,0.0005156725733541461,6
left_opportunism,0.0005154421329095014,7
development,0.0005153445297788616,7
circle_mentality,0.0005153445297788616,3
necessary_given_conditions,0.0005153445297788616,2
community_of_women,0.0005153445297788616,2
narodnikism,0.0005153445297788616,3
nationalization_of_land,0.0005153445297788616,3
state_ownership,0.0005153445297788616,3
family,0.0005153445297788616,12
mother_right,0.0005153445297788616,2
terrorism,0.0005153445297788616,4
parliamentary_period,0.0005153445297788616,2
physical_realism,0.0005153445297788616,3
universal_labour,0.0005153445297788616,2
latent_money_capital,0.0005153445297788616,2
money_of_account,0.0005153445297788616,5
indirect_production,0.0005153445297788616,2
immaterial_products,0.0005153445297788616,3
state_distribution,0.0005153445297788616,3
secret_ballot,0.0005153445297788616,3
disarmament,0.0005153445297788616,3
free_selling_and_buying,0.0005153445297788616,3
negation_of_the_negation,0.0005153445297788616,2
grain_rent,0.0005153445297788616,8
working_capital,0.0005153445297788616,2
war_communism,0.0005153445297788616,2
capitalist_society,0.0005153445297788616,2
industrial_reserve,0.0005153445297788616,2
proletarian_democracy,0.0005153445297788616,9
philosophy,0.0005153445297788616,3
necessary_labor,0.0005153445297788616,2
crop_rotation,0.0005153445297788616,2
ultra_imperialism,0.0005153445297788616,4
revolutionary_violence,0.0005153445297788616,2
state_apparatus,0.0005153445297788616,4
value_creating_process,0.0005153445297788616,3
international_economy,0.0005153445297788616,2
war_department,0.0005153445297788616,3
co_operation,0.0005153445297788616,10
floating_capital,0.0005153445297788616,4
parliamentary_power,0.0005153445297788616,2
berkeleian,0.0005153445297788616,2
differential_rent_i,0.0005153445297788616,8
bank_note_circulation,0.0005153445297788616,4
reflection,0.0005153445297788616,4
revolutionary_theory,0.0005153445297788616,2
agitation,0.0005153445297788616,2
social_productive_power,0.0005153445297788616,2
petty_bourgeois_socialism,0.0005153445297788616,4
nationalization,0.0005153445297788615,2
absolute_truth,0.0005153445297788615,3
proletarians,0.0005153445297788615,2
fixed_and_circulating_capital,0.0005153445297788615,3
transformation,0.0005153445297788615,2
mass_mobilization,0.0005151981250829016,3
chemical_industry,0.0005151981250829016,3
differential_rent_I,0.0005149053156909818,6
piecework_payment,0.000509525304372796,2
composition_of_capital,0.0005075938208377918,26
peculiarity,0.0005042843444744981,8
transition,0.0005042842694192426,6
commodity_capitalist_relations,0.0005039600549935516,2
class_character,0.0005025141402076311,2
auxiliary_materials,0.000501278434688566,17
linen,0.0004995354618993233,2
rate_of_surplus_value,0.0004924619677777259,174
capital_gain,0.00048789307095931436,12
leninism_as_doctorine,0.0004863097039483176,3
effective_demand,0.00048525954704796117,8
agrarian_question,0.0004849331024547065,8
bourgeois_mode_of_production,0.0004837308007828797,4
pauperism,0.0004834683292820176,3
individual_consumption,0.00048089249143672407,10
fair_distribution,0.00047651430053693083,4
bureaucratic_conservatism,0.0004734163569158976,3
consumption_fund,0.00047209433355201684,5
nature,0.0004616725771682034,13
prices_of_production,0.00045842592220539814,27
capitalist_process_of_production,0.00045637656335235867,4
stalinism,0.0004548625569968025,7
proudhonism,0.00044680188310069026,8
new_democracy,0.0004422365814631029,5
factory,0.0004374639173478855,18
economic_territory,0.0004300515578195684,3
annual_product,0.0004264647050255164,17
additional_capital,0.00042435846556592837,9
production_price,0.00041667649657072485,10
unproductive_expenses,0.00041137546325886796,4
industrial_profit,0.00040703689157406024,38
capital_value,0.00039857526753782276,42
use_values,0.0003967347470565773,7
individual_value,0.00039198650994336535,62
ordinary_price,0.00039133570273925544,2
medium_of_circulation,0.00038544728151967695,6
exploitation_rate,0.0003759850061205113,4
domestic_industries,0.00037094845189334096,4
intensity_of_labor_exploitation,0.0003689728118079554,3
commodity_supply,0.0003572358717753002,11
counter_revolution,0.00035599984562336985,10
loan_capital,0.00034719407987016733,43
general_strike,0.00033947808669475727,3
future_labour,0.00033911751176352397,2
empirio_monism,0.0003335989147364719,7
nervous_system,0.0003330906142947253,2
class_consciousness,0.0003278775607627879,2
industrial_consumption,0.0003262807704180467,12
simple_circulation_of_commodities,0.00031939883423761034,6
labour_intensity,0.00031747288261150803,4
prices,0.0003148308585144055,11
production,0.00031397104914694,16
state_power,0.00031140770470030097,4
concrete_labour,0.00030840798320891957,10
mass_of_value,0.00030787116899464606,4
permanent_revolution,0.00030685621903072264,56
class,0.00030683560116718026,3
commodity_form,0.00030521462146145066,13
fideism,0.0003030457331923523,15
wage_slaves,0.000300663179055193,3
output,0.0002954853189908928,3
capital_composition,0.0002944608548168161,28
accumulation_fund,0.0002919700383191581,9
labourer,0.0002914604449065803,8
general_price_of_production,0.0002887103301027053,17
a_priori_knowledge,0.00027687328317310233,2
commodity_product,0.00027590037381162893,13
non_agricultural_population,0.00027562244121061313,7
money_dealing_capital,0.00027118009351254947,9
merchants_capital,0.00026563884655860794,5
continuity_of_labour,0.00026460062324270005,3
labor_theory_of_value,0.0002638613686369258,4
wage_scale,0.00026366674249703165,3
labour_added,0.00026266949542557875,8
division_of_social_labour,0.000260745177764164,5
national_democratic_revolution,0.0002598885243709282,2
costs_of_production,0.0002586744850117188,5
differential_rent_II,0.00025776986802007073,4
commodity_values,0.0002576722648894308,2
financial_strangulation,0.0002576722648894308,2
objective_materialist_sensationalism,0.0002576722648894307,2
continuous_flow_of_production,0.00025752586019347085,5
mass_production,0.00025752586019347085,5
socialist_enterprise,0.00025752586019347085,2
capitalist_industry,0.00025752586019347085,4
urban_crafts,0.00025752586019347085,4
creditor_state,0.00025723305080155106,2
technique,0.0002568792108053775,9
inequality,0.00025623841766800646,6
compound_interest,0.0002532405228574293,8
large_scale_production,0.0002525236786523033,8
total_rental,0.0002515371623654259,4
compound_labour,0.0002511903517500159,2
intercourse,0.00024808791806918504,3
velocity_of_circulation,0.0002454163314583404,7
technological_composition,0.00024222541437874529,8
total_social_capital,0.00024001595050304324,12
materialised_labour,0.00023913906983489674,17
sterile_class,0.0002365893068221702,10
feuerbach,0.0002350438949023484,4
unproductive_labourer,0.00023483192779880424,5
mass_line,0.00023223148922559808,3
productivity_of_industry,0.00023123809163559943,3
parliamentarianism,0.0002307753973970784,4
differential_fertility,0.00022746323239517563,2
labor_power,0.00022632212032723436,19
mach,0.00022031536771525306,4
wear_and_tear,0.00021955460585557386,32
universal_equivalent,0.0002171421272559656,20
socially_necessary_labor_time,0.0002146111470981608,3
organic_composition,0.0002103941101215692,30
turnover_period,0.00020691736988542625,8
pairing_family,0.00020567382712195203,2
politics,0.00020259913417937578,5
anthropology,0.00020259913417937578,5
standard_of_price,0.00020218380394185472,5
fascism,0.0002020868888575257,4
marxian_sociology,0.0002014068176534355,2
socially_necessary_labour,0.00019939444987341704,12
organisation_of_production,0.0001989974575385129,7
proletarian_organisation,0.00019605248636725265,3
stock_companies,0.0001958617298900414,2
past_labour,0.00019124743201764458,21
civil_society,0.00019095869656643826,3
necessity,0.0001909094289492978,5
landlord,0.00018667572164157578,10
wage,0.00018383520090942758,12
total_employed_labour_power,0.00018267002296617297,3
trade,0.0001809260211784915,11
cooperative_production,0.000179756852692302,8
agricultural_profit,0.00017967770842779827,23
social_productive_power_of_labour,0.00017921851277768411,6
average_price_of_production,0.0001778133648871684,5
value_ratio,0.0001759857786161301,5
skill,0.0001741980422978948,5
social_means_of_production,0.00017215795642149497,5
unjust_war,0.0001716839067956475,4
just_war,0.0001716839067956475,4
production_for_the_sake_of_production,0.00017168390679564243,3
consumption_for_the_sake_of_consumption,0.00017168390679564243,3
socialised_labour,0.00017148870053436497,3
kerenskyism,0.0001704702982462153,2
capitalist_relation,0.00016997140018372813,2
decomposition_of_labour_process,0.00016997140018372813,2
wage_of_labour,0.00016907524184536421,3
large_enterprises,0.0001690690350383284,7
physiological_expenditure,0.0001683329951524968,2
agricultural_capital,0.0001658386802039687,13
means_of_consumption,0.00016083236529088114,8
period_of_circulation,0.00016015222158128465,4
internationalism,0.00015997543325683365,4
individual_price_of_production,0.00015780655091615213,13
product_value,0.00015661854462481177,6
material_of_labour,0.00015646705363292856,7
berkeleianism,0.00015620075677610346,5
subject_of_labour,0.0001560731540878434,11
theory_of_value,0.00015461443025644315,3
social_want,0.0001542769309274813,4
anarcho_syndicalism,0.00015262830768954236,4
social_antagonisms,0.00015233261864954512,2
simple_commodity,0.0001517462356569975,3
necessary_labour_time,0.00014881335947557414,18
productive_supply,0.00014576759112713963,10
collective_labourer,0.00014406541112921227,6
value_of_commodity,0.00014324603884781508,16
product,0.0001424892969148636,51
anarchy_of_production,0.0001422724373791147,6
organic_change,0.00014200064074166484,6
value_change,0.00014200064074166484,6
migration_of_capital,0.00013907254485161056,5
pragmatism,0.00013857756425794432,7
proletarian_insurrection,0.0001381771922567604,4
hoarding,0.0001350548753903338,3
hylo_kinetics,0.00013472834882051943,3
bourgeois_law,0.00013447967264022334,7
annual_rate_of_surplus_value,0.00013442005742874018,3
operating_capital,0.00013260935959982887,2
relative_values,0.00013167512407504032,5
deviations,0.0001313162910103132,9
radical_intelligentsia,0.00013116051341551993,2
highest_stage_of_communism,0.00013079138359166145,3
value_of_labour_power,0.00013026594058922192,12
revolutionary_proletariat,0.00012979579887481505,6
supply,0.00012919918354411394,31
commodity_exchange,0.00012861005048125446,12
parliamentary_regime,0.00012617259714971566,2
causality,0.00012542312410100713,15
price_form,0.00012430566238727528,11
pre_parliament,0.00012388408101640224,4
realism,0.00012328385542214254,12
relative_fertility,0.00012294457275670987,7
production_time,0.0001220755073206095,13
law_of_falling_rate_of_profit,0.00012066689955959463,2
law_of_declining_profit_rate,0.00012066689955959463,2
aristocracy,0.00011803271916919049,3
fluctuations_of_market_prices,0.00011577934120408818,4
nobility,0.00011574511872006019,4
spiritual_production,0.00011424063169850297,3
executive_power,0.00011282855685410587,3
three_people_principles,0.00010687557963002609,12
real_value,0.00010500709594983893,9
philosophical_idealism,0.00010437049316006059,11
social_labor_productivity,0.00010371391463129709,5
vulgar_economics,0.00010336974519595467,3
capital_i,0.00010061360018071468,5
petty_bourgeois_capitalism,0.0001000306979226099,4
national_accounting_and_control_of_production_and_distribution,0.0001000306979226099,4
slave,9.965346650340907e-05,6
equal_rights,9.961380313583763e-05,3
surplus_produce,9.867521326823434e-05,6
feudalism,9.775529141479727e-05,5
average_composition,9.71480178936648e-05,4
wear_and_tear_value,9.710849355921279e-05,6
capital_relation,9.592586803156503e-05,4
peasants,9.536825008786747e-05,2
objective_law,9.301700293783893e-05,4
unpaid_labour,9.283752025566908e-05,12
national_and_state_distinctions,9.222731685736577e-05,2
circulating_constant_capital,9.151360541816692e-05,8
wage_laborer_class,9.10926198278047e-05,3
population,9.03629933820371e-05,11
rate_of_surplus_labour,8.666441515537395e-05,2
enlarged_scale,8.508062406011285e-05,2
serfdom,8.453551476991524e-05,3
capital_of_circulation,8.408175768689078e-05,15
total_value,8.390003675679405e-05,5
workers_emancipation,8.370386761391461e-05,2
labor,8.366541826756408e-05,18
proletarian_peasant_revolution,8.17319866071942e-05,2
capitalist_accumulation,8.04272643486693e-05,2
political_centralisation,7.95724841278351e-05,3
property_concentration,7.95724841278351e-05,3
mass_of_profit,7.887441863026612e-05,2
raw_and_auxiliary_materials,7.623870032641932e-05,9
price_of_labour,7.54117276163894e-05,13
dogmatism,7.532962571724993e-05,4
tortoise_tempo,7.530073855001531e-05,2
technical_composition_of_capital,7.477829283192042e-05,31
chemical_processes,7.475654743362488e-05,2
price_of_money,7.209773750137075e-05,7
international_trusts,7.185242653363898e-05,4
export_of_capital,7.185242653363898e-05,4
price_of_wheat,7.144978072226564e-05,13
tax,7.121492657123944e-05,3
services,7.090466366433646e-05,3
lower_composition,7.063032525480903e-05,11
higher_composition,7.063032525480903e-05,11
labour_power_value,7.044857471069387e-05,4
bourgeois_economics,6.983927450862835e-05,2
self_expansion_of_value,6.934700710996637e-05,3
distribution_relations,6.826560182234632e-05,6
production_relations,6.826560182234632e-05,6
exchange_process,6.813193780508388e-05,8
monogamous_marriage,6.747161855472599e-05,2
stock_piling,6.745887487918183e-05,4
ideal_measure_of_value,6.732259236264501e-05,2
species_being,6.641465220671687e-05,2
total_product,6.623936834036574e-05,4
separate_state,6.61308711293637e-05,2
value_of_reproduction,6.599696648149872e-05,3
rent_in_kind,6.592523543716627e-05,5
tariffs,6.496299944058046e-05,2
extended_reproduction,6.362682927540718e-05,7
party_discipline,6.360660732837596e-05,3
production_elements,6.318595791132102e-05,2
quantity,6.303505136324044e-05,14
distribution_of_labour,6.264007706010734e-05,6
law_of_appropriation,6.260686958418733e-05,2
nominal_wages,6.249519814598621e-05,6
fluctuations,6.194440501127022e-05,7
political_authority,6.0786719131862136e-05,6
motion,5.902528199231371e-05,3
two_power_regime,5.847899164278083e-05,2
solipsism,5.8382196069791334e-05,8
socialization_of_land,5.786485896367012e-05,3
bills_of_exchange,5.69222003757635e-05,5
nation_state,5.585519064706661e-05,2
commodity_price,5.5834307644545805e-05,15
value_of_shoes,5.567966899296563e-05,4
costs_of_circulation,5.552097220184473e-05,2
social_revenue,5.537396018243274e-05,2
annual_advances,5.497645840598691e-05,5
turnover_of_capital,5.4865203191511696e-05,10
circulating_variable_capital,5.402971593476385e-05,2
new_labour,5.379791759880578e-05,4
productive_consumption,5.303126078011048e-05,12
intellectual_labour,5.2096493491805746e-05,3
rate_of_gross_profit,5.16747049392457e-05,2
primary_production,5.156430802438908e-05,5
exchange_ratio,5.1299263852434934e-05,4
profit_proper,5.0338979912297205e-05,5
articles_of_consumption,5.007707442925344e-05,32
absolute_negativity,5.00297530037608e-05,2
exchange_of_commodities,4.988040218195401e-05,2
feudal_mode_of_production,4.9635853231286387e-05,6
immanent_laws_of_capitalist_production,4.861899316162825e-05,4
magnitude_of_value,4.833094681796397e-05,4
expropriation_of_land,4.706600296219974e-05,5
ricardian_law,4.6612682996408765e-05,2
vulgar_materialism,4.64453357299292e-05,2
vanguard_of_the_proletariat,4.638876215791287e-05,2
objective_truth,4.624095658341898e-05,9
price_of_capital,4.546175422671685e-05,8
net_revenue,4.525897382110546e-05,5
money_as_medium_of_circulation,4.508405688352426e-05,5
means_of_labour,4.444151098233392e-05,2
wage_rate,4.385095857861412e-05,3
money_capitalist,4.379384001510393e-05,4
concentration_of_capital,4.3467398801559554e-05,3
virtual_money_capital,4.2955691473438984e-05,3
social_relation_of_production,4.290941166665948e-05,2
handicraft,4.258240049037347e-05,10
self_expanding_value,4.196913601838023e-05,3
hoard,4.1842448192285175e-05,4
total_reproductive_process,4.160042518129864e-05,2
constant_and_variable_capital,4.134078663931493e-05,3
value_relation,4.0489485529837436e-05,4
credit_jobbers,3.978060376684701e-05,2
bourgeois_ideology,3.9422218277300284e-05,2
wage_workers,3.931993043270886e-05,2
form_of_value,3.903318210675445e-05,5
money_price,3.822158768871282e-05,5
natural_scientific_materialism,3.768399058008624e-05,6
value_creating_labour,3.749666761342478e-05,3
necessary_social_labour,3.65517846597091e-05,3
effective_social_want,3.65517846597091e-05,3
necessary_output,3.651070490087941e-05,3
economic_crisis,3.6418168138180736e-05,2
wage_labourers,3.416789945843462e-05,3
modus_vivendi,3.4150256154166546e-05,3
collective_capitalist,3.4150256154166546e-05,6
scale_of_production,3.344649786425472e-05,11
objective_reality,3.334144452109279e-05,17
immediate_labour,3.317966363797849e-05,6
values,3.273576896199144e-05,2
expanded_form_of_value,3.263946060323607e-05,4
primitive_accumulation,3.231172914079586e-05,29
primitive_common_land_ownership,3.1144417783830404e-05,3
excess_profit,3.088181541692978e-05,6
neo_kantianism,3.081983027190375e-05,9
reproductive_capital,3.059716713074571e-05,2
profit_of_enterprise,3.0580606026091454e-05,11
relative_unproductiveness,3.0231086829113112e-05,2
average_rent,3.0163049014326342e-05,11
mass_of_surplus_value,2.9820320016414107e-05,9
value_of_commodities,2.971421352056365e-05,7
under_productive_capital,2.9459375032095897e-05,3
rights_of_man,2.9128161947620376e-05,3
planned_production,2.8813980350576323e-05,10
equal_distribution,2.8813980350576323e-05,10
cultural_level,2.8813980350576323e-05,9
socially_necessary_labour_time,2.8415747813772943e-05,15
coexisting_productive_labour,2.8276461219877965e-05,3
small_capital,2.8190228665232087e-05,7
large_capital,2.8190228665232087e-05,7
labour_demand,2.812225090194503e-05,2
concentration,2.7315149519609627e-05,10
political_strike,2.692757675028335e-05,2
philosophy_of_enjoyment,2.6715700637719914e-05,3
small_proprietor,2.65290744704334e-05,2
money_circuit,2.573788135328116e-05,2
method_of_production,2.5185952906629285e-05,3
form_d,2.479723993758781e-05,4
sale,2.433173907852508e-05,4
purchase,2.433173907852508e-05,4
value_creation,2.425908048320681e-05,2
wheat,2.350548803607538e-05,3
clothes,2.350548803607538e-05,3
cotton,2.350548803607538e-05,2
advanced_total_capital,2.3383652027023207e-05,10
productivity_of_mining_labour,2.3130862845780607e-05,2
loanable_money_capital,2.297321328547488e-05,4
finished_product,2.2931917199640383e-05,2
human_labour_in_the_abstract,2.2931917199640383e-05,2
competition_of_lands,2.254286913143938e-05,2
price_of_commodities,2.2516094960745636e-05,10
feudalist_particularism,2.2208894185638817e-05,2
material_factors,2.1958457839515034e-05,2
public_functions,2.175684721891283e-05,4
administrative_functions,2.175684721891283e-05,4
practice,2.1246620236358346e-05,3
democratic_centralism,2.1114243389278687e-05,4
opportunist_social_democracy,2.1001342072662975e-05,8
commune,2.065688229133196e-05,2
general_form_of_value,2.018942804609783e-05,18
formal_metamorphosis,2.0073386818528698e-05,2
capitalist_relations,2.002825906990911e-05,2
national_wealth,2.002825906990911e-05,5
skill_of_the_labourer,2.0020656209107755e-05,3
accumulation_of_circulating_capital,2.0020656209107755e-05,3
coexisting_labour_products,2.0020656209107755e-05,2
means_of_purchasing,1.964443734252079e-05,3
vulgar_socialism,1.9587829877535324e-05,2
cotton_value,1.932091410457145e-05,2
non_use_value,1.889425839156719e-05,3
social_circulation_of_matter,1.889425839156719e-05,3
elementary_value_form,1.8458848160848807e-05,3
social_use_value,1.825805518042069e-05,2
paid_labour,1.8046826955185715e-05,11
total_price,1.7817707590237186e-05,3
materials_of_labour,1.7780708282271103e-05,3
dynamism,1.7762890407320768e-05,4
capital_form,1.774463299296701e-05,3
consumer,1.746387139385944e-05,5
absolute_value,1.691701448697073e-05,11
hume,1.6769081984521648e-05,4
use_form,1.669449431382658e-05,3
value_transformation,1.669449431382658e-05,3
self_management,1.6632253274828515e-05,2
industrial_development,1.6430612686945724e-05,2
durability_of_capital,1.6100750294224484e-05,6
republic,1.5853683147643817e-05,6
loanable_means_of_production,1.5602137400548378e-05,2
petty_bourgeois_democratic_republic,1.5574817060101143e-05,3
profits_of_stock,1.547400950629779e-05,6
semi_colonial,1.5178348968701097e-05,6
bullion,1.516946745087602e-05,5
appreciation,1.4938064936034479e-05,3
cost_of_reproducing_labour_power,1.4938064936034479e-05,3
personal_property,1.4819217290142735e-05,3
mercantilism,1.418784197969867e-05,2
general_labour_time,1.418784197969867e-05,2
auxiliary_substance,1.3858746890211735e-05,2
value_theory,1.3594659816065568e-05,2
period_of_reproduction,1.3416485804231527e-05,3
productivity_of_land,1.2820471903711777e-05,3
sphere_of_production,1.2369280035213447e-05,12
over_speculation,1.2362470523265356e-05,3
sphere_of_circulation,1.1854416993580116e-05,2
unskilled_labour,1.1763692216787563e-05,7
rates_of_profit,1.1494323136018882e-05,2
cooperation,1.1466885128470737e-05,2
metamorphosis_of_capital,1.1438360477502492e-05,5
average_social_labour,1.1339173366865578e-05,7
living_labor,1.1336079171166706e-05,4
social_productivity_of_labour,1.1260882914481525e-05,6
useful_labour,1.1178137872152014e-05,19
banking,1.0937131654400422e-05,4
added_labour,1.0618978439038602e-05,7
naturalism,1.059239802477963e-05,4
introjection,1.059239802477963e-05,2
dualism,1.059239802477963e-05,2
absolute_fertility,1.0551859579198662e-05,4
advances_primitives,1.0471009974295832e-05,6
advances_annuelles,1.0471009974295832e-05,6
rental,1.045100071304133e-05,2
merchant_profit,1.0237061005221132e-05,12
capitalisation,9.771696969920297e-06,13
industrial_reserve_army,9.249776132266631e-06,7
material_conditions,9.187664905546586e-06,2
general_human_labour,8.845524076762463e-06,2
producer_goods,8.73195901079916e-06,4
labour_saving,8.586240731826956e-06,2
workman,8.586240731826956e-06,3
private_capitalism,8.437360392285934e-06,8
productiveness_of_social_labour,8.369578298882647e-06,4
agriculture,8.345820350939396e-06,2
immaterial_product,8.285474879668272e-06,2
capitalist_control_over_labour,8.2558050107702e-06,2
form_of_circulation,8.09903089645521e-06,3
money_commodity,8.042934937851969e-06,5
semi_proletariat,7.908211206924037e-06,3
middle_peasants,7.908211206924037e-06,3
national_independence,7.870260971771277e-06,4
people_livelihood,7.870260971771277e-06,4
social_value,7.772184103235608e-06,2
average_conditions,7.772184103235608e-06,3
preponderant_mean_mass,7.772184103235608e-06,3
social_labour_productivity,7.624260615594883e-06,2
usurers_capital,7.616641872183839e-06,2
gross_product,7.476131261100956e-06,3
net_product,7.476131261100956e-06,3
productive_capitalist,7.454033439818778e-06,2
industrial_capitalist,7.454033439818778e-06,3
wages_of_superintendence,7.454033439818778e-06,2
real_accumulation,7.257955771582203e-06,2
materials_of_production,6.99099129763391e-06,2
value_composition,6.977187915699373e-06,13
bourgeois_fantasy,6.955929112199638e-06,5
self_supporting_peasant,6.955929112199638e-06,5
energetics,6.943840028648728e-06,13
gold_and_silver,6.695507840850248e-06,13
actual_rent,6.560926272920382e-06,2
stakhanovism,6.450858703812881e-06,6
business_expansion,6.39204424645821e-06,2
durability,6.350973285874741e-06,8
outgoings,6.2529573270945865e-06,2
withering_away_of_state,6.205925710912512e-06,44
monopoly_theory,6.081098772353294e-06,3
subsistence,6.019776772694546e-06,2
expenditure,6.019776772694546e-06,2
large_manufactories,5.92028515458928e-06,2
autonomism,5.5079928942005735e-06,14
capital_outlay,5.317454907776306e-06,7
money_at_call,5.317454907776306e-06,3
money_not_at_call,5.317454907776306e-06,3
theory_of_rent,5.084356303915696e-06,2
three_circuits,5.0164212002487225e-06,4
production_of_commodities,4.843694696966216e-06,4
number_of_workers,4.799352275866427e-06,9
material_conditions_of_production,4.787640896086806e-06,2
market_price_fluctuations,4.779606276216016e-06,3
individual_rate_of_profit,4.779606276216016e-06,4
social_demand,4.56476319377886e-06,5
quantity_of_labour,4.432874648042621e-06,6
capitalist_rent,4.427055688640091e-06,2
income,4.420946871510628e-06,17
average_social_capital,4.37261914636534e-06,13
nationalisation_of_land,4.306416821887371e-06,3
socialist_construction,4.1728224841685036e-06,3
capital_laid_out_in_wages,4.138779804992719e-06,2
gross_profits_of_capital,4.138779804992719e-06,3
average_market_price,3.919678840484842e-06,2
stock,3.4921828262294404e-06,4
manufactured_products,3.403996542391591e-06,2
buyer,3.055380949772243e-06,5
capital_investment,2.843840185317997e-06,11
dialectic,2.782522340378925e-06,3
social_chauvinism,2.782522340378925e-06,2
differential_value,2.7533530220532333e-06,2
social_working_day,2.6975863922627623e-06,4
ricardian_theory,2.4978935137548664e-06,2
capitalist_appropriation,2.3177688859270824e-06,10
newly_added_labour,2.2561735010068538e-06,40
profit_equilibrium,2.06531596161872e-06,3
relative_form_of_value,2.0551267454993775e-06,13
simple_interest,2.0316142079306827e-06,2
simultaneous_production,1.9995394197877534e-06,3
productive_activity,1.8240905427010096e-06,3
object,1.756856351518846e-06,4
regulating_price,1.7170227216520442e-06,3
transformation_of_surplus_profit_into_rent,1.6104516555589424e-06,4
price_of_necessaries,1.5745573429184588e-06,2
agrarian_revolution,1.3471767174561543e-06,6
bureaucratism,1.2905795774162435e-06,3
marx,1.212275247607386e-06,8
general_economic_plan,1.1712375676792308e-06,5
value_composition_of_capital,1.1029189115770416e-06,35
selling_time,1.0348688379229745e-06,4
form_c,1.030570805838675e-06,7
socialist_state,1.024832871719327e-06,3
carrying_trade,9.158377382963978e-07,3
human_equality,8.78428175759423e-07,3
human_nature_consciousness,8.78428175759423e-07,3
means_of_payment,8.78428175759423e-07,5
department_i,8.75953499663596e-07,33
iron,7.192421174538134e-07,3
fertility,7.053767149391914e-07,11
economism,6.952004805126344e-07,3
measure_of_value,6.067229709647198e-07,5
inadequate_self_determination,5.856187838396154e-07,3
axiom,5.856187838396154e-07,3
concentration_of_forces,5.856187838396154e-07,3
central_control_commission,5.856187838396154e-07,3
holy_spirit,5.856187838396154e-07,3
state_socialist_production,5.856187838396154e-07,3
blockhouse_warfare,5.856187838396154e-07,2
auxiliary_capital,5.50727102490526e-07,8
industrial_capital_circuit,4.854406020735029e-07,7
debtor_state,4.392140878797115e-07,3
soil,4.257018265142364e-07,5
seed,4.1975862621006776e-07,3
agricultural_produce,3.5137127030376926e-07,3
soviet_bureaucracy,3.317555761913925e-07,3
price_fluctuations,3.2365090488499767e-07,4
unity,2.928093919198077e-07,3
natural_selection,2.928093919198077e-07,2
capitalist_monopoly,2.928093919198077e-07,3
theory_of_symbols,2.928093919198077e-07,3
private_capitalist_enterprise,2.928093919198077e-07,4
mobile_warfare,2.928093919198077e-07,3
strategic_counter_offensive,2.928093919198077e-07,2
organic_metabolism,2.928093919198077e-07,2
material_wealth,2.718944353541071e-07,6
use_forms,2.6565244269089393e-07,4
apprenticeship_cost,1.9520626127987178e-07,3
marxist_political_line,1.9520626127987178e-07,7
marxist_military_line,1.9520626127987178e-07,7
total_money_capital,1.9520626127987178e-07,3
marxian_system_of_politics,1.4640469595990384e-07,2
invested_capital,1.4640469595990384e-07,8
simple_labour_power,1.4640469595990384e-07,2
investment_of_capital_per_acre,1.4640469595990384e-07,6
bourgeois_culture,1.4640469595990384e-07,2
counter_revolutionary_war,9.760313063993589e-08,4
agricultural_production,9.760313063993589e-08,3
right_opportunism,9.760313063993589e-08,6
degree_of_cultivation,9.760313063993589e-08,2
village_handicraft,9.760313063993589e-08,2
constant_reproduction,7.320234797995192e-08,2
neutralisation,5.856187838396154e-08,3
money_as_commodity,5.6971963133718246e-08,3
wages_system,0.0,1
restriction_of_female_labor,0.0,1
prohibition_of_child_labor,0.0,0
labour_power_commodity,0.0,0
industrial_anarchy,0.0,0
price_determined_by_labor_time,0.0,1
labor_value_theory,0.0,0
popular_sovereignty,0.0,1
small_capitalist,0.0,2
labour_power_price,0.0,2
distance,0.0,0
adulteration,0.0,2
economic_relations,0.0,1
time,0.0,0
self_interest,0.0,2
selling_and_buying,0.0,1
bourgeois_marriage,0.0,1
general_overproduction,0.0,0
feudal_socialism,0.0,2
inorganic_body,0.0,0
positive_philosophy,0.0,0
bentham_book_keeping,0.0,0
standard_of_life,0.0,0
humean,0.0,4
materialist_conception,0.0,2
thing_in_itself\,0.0,3
mutual_exploitation,0.0,0
organising_form_of_human_experience,0.0,0
relative_truth,0.0,2
mysticism,0.0,0
pure_mathematics,0.0,2
power,0.0,0
cost_of_production_of_labour_power,0.0,2
social_relations_of_production,0.0,2
material_means_of_production,0.0,2
transcendence,0.0,1
materialist_theory_of_reflection,0.0,0
labor_as_commodity,0.0,0
exchange_values,0.0,2
separatism,0.0,1
proletarian_culture,0.0,3
god_building,0.0,1
independent_proletarian_party,0.0,0
wage_fund_theory,0.0,3
useful_labor,0.0,3
instruments_of_labor,0.0,4
landowners,0.0,2
appropriation,0.0,1
natural_conditions_of_labour,0.0,2
abstract_labor,0.0,1
social_powers_of_labour,0.0,2
state_supervision_of_industry,0.0,0
wage_constancy,0.0,1
anti_marxism,0.0,1
labourers_on_capital,0.0,1
capitalist_form_of_production,0.0,1
primitive_rents,0.0,1
fixed_rate_of_interest,0.0,2
change,0.0,1
purposive_activity,0.0,0
productive_power_of_capital,0.0,0
productive_capacity,0.0,0
productive_labourer,0.0,0
abstract_general_labour,0.0,0
struggle_for_existence,0.0,1
wages_of_accumulated_labour,0.0,0
law_of_wages,0.0,0
labour_time_value,0.0,1
relative_surplus_labour,0.0,1
value_measure,0.0,0
coexisting_labour,0.0,0
national_debt_system,0.0,0
being,0.0,2
productivity_of_capital,0.0,1
tautology_of_wages_and_capital,0.0,0
cost_of_production_of_wages,0.0,1
profit_surcharge,0.0,1
profit_fund,0.0,1
materiality,0.0,1
simple_profit,0.0,1
glut,0.0,0
regularity,0.0,2
equilibrium,0.0,1
equal_profit_on_equal_capitals,0.0,1
industrial_middle_class,0.0,2
big_capitalist,0.0,2
expropriation,0.0,0
manufacturing_system,0.0,2
capital_advanced,0.0,4
ratio_of_elements_of_capital,0.0,0
additional_money_capital,0.0,1
steam_and_machinery,0.0,0
absolute_surplus_labour,0.0,1
non_agricultural_classes,0.0,1
surplus_profits,0.0,0
distribution_of_wealth,0.0,1
surplus_gains,0.0,3
modern_industry,0.0,2
labourers_on_revenue,0.0,1
urban_population,0.0,1
competition_among_capitalists,0.0,1
primitive_rent,0.0,1
mechanical_theory_of_heat,0.0,3
mortality_periods,0.0,1
relative_consumption,0.0,0
direct_exchange_of_labour_and_capital,0.0,0
law_of_declining_rate_of_profit,0.0,0
agricultural_improvements,0.0,1
large_scale_industry,0.0,3
principle_of_transition,0.0,0
latent_heat,0.0,3
mechanical_force,0.0,3
thriftiness,0.0,1
materialist_monism,0.0,2
material_relations,0.0,2
essence_of_man,0.0,1
national_pride,0.0,0
self_determination,0.0,0
vocation,0.0,0
logical_trick,0.0,0
protestantism,0.0,2
empirical_admixture,0.0,2
state_and_private_property,0.0,0
punishment,0.0,1
holy,0.0,1
equal_right,0.0,4
will,0.0,5
alien_scale,0.0,0
romanticism,0.0,3
historical_school,0.0,3
clericalism,0.0,0
movement_of_capital,0.0,0
well_being_of_all,0.0,1
sensuous_activity,0.0,2
tyranny_of_religion,0.0,1
social_connection,0.0,2
conditions_of_life,0.0,2
human_relationships,0.0,0
religious_illusion,0.0,2
estate_capital,0.0,0
feuerbachian_subject_predicate,0.0,0
stirnerism,0.0,0
common_ownership,0.0,1
choice,0.0,3
social_property,0.0,0
political_liberalism,0.0,0
humane_liberalism,0.0,0
natural_instrument_of_production,0.0,1
empirio_critical_principal_coordination,0.0,2
empirio_critical,0.0,1
materialist_prejudice,0.0,1
ideological_fantasy,0.0,1
negative_unity,0.0,0
objective_idealism,0.0,0
materialist_doctrine,0.0,1
morality,0.0,1
theology,0.0,0
essence,0.0,2
material_substance,0.0,2
skepticism,0.0,2
empirio_symbolism,0.0,3
working_class_movement,0.0,1
christ,0.0,2
corporeal_individual,0.0,1
philosophical_materialism,0.0,0
custom,0.0,1
absolute_monarch,0.0,2
collective_ownership,0.0,0
social_category,0.0,1
faith,0.0,1
bourgeois_property,0.0,0
free_will,0.0,6
egoist,0.0,0
subjective_objective_relation,0.0,1
social_institution,0.0,0
institution,0.0,0
reformation,0.0,1
speculative_philosophy,0.0,1
egoistic_act,0.0,0
catholicism,0.0,2
god_the_father,0.0,2
rebellion,0.0,0
thinking,0.0,1
philosophical_illusion,0.0,0
tribal_ownership,0.0,4
nationality,0.0,3
feudal_property,0.0,0
dogmatic_idea,0.0,3
parliamentary_cretinism,0.0,0
premiseless_thinking,0.0,1
secret_police_state,0.0,1
state_authority,0.0,2
industrial_bourgeoisie,0.0,0
bourgeois_order,0.0,1
middle_class,0.0,1
class_distinctions,0.0,0
self_estrangement,0.0,2
thinghood,0.0,9
abstraction,0.0,0
state_machinery,0.0,2
communist_organisation,0.0,1
dualism_of_mind_and_body,0.0,2
bourgeois_illusion,0.0,0
means_of_exchange,0.0,2
idealist_monism,0.0,2
non_directly_productive_labour,0.0,1
directly_productive_labour,0.0,1
immanentist_philosophy,0.0,2
forms_of_ownership,0.0,4
machine_labour,0.0,1
bourgeois_right,0.0,0
distribution_of_conditions_of_production,0.0,1
cooperative_property_of_workers,0.0,1
liability_law,0.0,0
ideology,0.0,3
german_science,0.0,1
true_socialism,0.0,1
common_ownership_of_means_of_production,0.0,1
substance,0.0,3
hegeli an_theory,0.0,1
spirit_distinction,0.0,0
separation_of_production_and_commerce,0.0,2
society_of_ideas,0.0,0
monetary_system,0.0,0
division_of_production,0.0,2
national_guard,0.0,0
unique_individual_work,0.0,1
individuality,0.0,1
protectionism,0.0,0
self_activity,0.0,4
universal_intercourse,0.0,1
universality,0.0,1
sedate_man,0.0,0
posited_man,0.0,1
production_and_consumption,0.0,0
organic_laws,0.0,1
reason,0.0,1
phenomenology,0.0,0
social_virtues,0.0,1
hegelian_dialectic,0.0,0
social_and_political_inequality,0.0,0
right_to_existence,0.0,2
socialist_society,0.0,0
abstract_individuals,0.0,1
conjuring_trick,0.0,1
free_activity,0.0,0
hierarchy,0.0,0
communal_domestic_economy,0.0,1
spectre,0.0,1
ignorance_of_social_laws,0.0,0
communist,0.0,0
state_of_society,0.0,3
anarchic_system,0.0,2
combined_state,0.0,1
fetishism_of_the_barricade,0.0,0
political_adventurism,0.0,0
epigonism,0.0,0
petty_bourgeois_groupings,0.0,1
ideological_rearmament,0.0,0
menshevik_sr_bourgeoisie_coalition,0.0,0
soviet_republic,0.0,0
capitalist_nations,0.0,1
hooliganism,0.0,1
superstition,0.0,0
mediaevalism,0.0,0
revolutionary_strike,0.0,0
communist_international,0.0,0
space,0.0,0
zimmerwaldism,0.0,0
sectarianism,0.0,0
materialist_psychology,0.0,0
hybrid_regime_february_revolution,0.0,0
new_middle_caste,0.0,1
international_economic_basis,0.0,1
collective_ownership_of_means_of_production,0.0,1
soviet_democracy,0.0,1
slavophilism,0.0,2
usurpation,0.0,0
revolutionary_will,0.0,1
war_against_the_revolution,0.0,0
conciliationism,0.0,0
special_committees_of_defense,0.0,3
socialist_development,0.0,2
economy_of_time,0.0,2
dekulakization,0.0,1
cooperative_plan_lenin,0.0,0
bureaucratic_thought,0.0,0
family_hearth,0.0,0
administration,0.0,3
bureaucratic_thinking,0.0,1
shock_brigade_ism,0.0,1
nep,0.0,0
individual_farming,0.0,2
land_question,0.0,2
scissors_crisis,0.0,0
peasant_war_strategy,0.0,0
fetishism_of_forms,0.0,0
practical_centre,0.0,0
bourgeois_press,0.0,2
revolutionary_strategy,0.0,0
bolshevik_party,0.0,1
state_of_insurrection,0.0,0
red_guard,0.0,0
great_russian_chauvinism,0.0,1
russification,0.0,2
peasant_revolutionary_committees,0.0,0
land_revolution,0.0,1
workers_control_of_production,0.0,2
big_bourgeoisie,0.0,0
foreign_capital,0.0,2
artisan_democracy,0.0,1
transitional_form,0.0,0
coalition_ministry,0.0,0
trotskyism,0.0,1
sovereignty,0.0,1
state_revolution,0.0,0
lenin_strategy,0.0,5
revolutionary_leadership,0.0,0
doctrinairism,0.0,1
capitalistic_liberalism,0.0,1
petty_bourgeois_democracy,0.0,1
relation_of_forces,0.0,0
austro_marxism,0.0,3
rasputinism,0.0,1
narodnik,0.0,0
popular_revolution,0.0,0
official_democracy,0.0,1
revolutionary_committees,0.0,4
revolutionary_conception,0.0,1
liberal_bourgeois,0.0,3
revolutionary_socialism,0.0,0
criteria_of_economic_development,0.0,0
revolutionary_forces,0.0,0
international_socialism,0.0,1
revolutionary_statesmanship,0.0,0
agrarian_problem,0.0,0
possessing_classes,0.0,0
soviets,0.0,0
compromisism,0.0,0
bonapartism,0.0,8
spy_feudalism,0.0,0
mass_revolution,0.0,1
bourgeois_government,0.0,1
socialist_principles,0.0,1
state_socialism,0.0,1
industrial_boom,0.0,1
national_unity,0.0,0
liberal_bourgeoisie,0.0,1
workers_revolution,0.0,1
parliamentary_institutions,0.0,0
revolutionary_parliamentarism,0.0,0
fetishism_of_organizational_forms,0.0,0
revolutionary_realism,0.0,0
workers_control,0.0,5
counterrevolution,0.0,0
mass_party,0.0,0
democratic_agrarian_revolution,0.0,0
workers_state,0.0,0
bureaucratisation_of_thought,0.0,3
revolutionary_dictatorship,0.0,0
agrarian_democracy,0.0,1
utopian_socialism,0.0,1
correlation_of_forces,0.0,0
trotsky_tactics,0.0,5
workers_control_over_production,0.0,0
pacifism,0.0,1
paris_commune,0.0,1
two_power_system,0.0,0
fetishism_of_authority,0.0,0
seizure_of_power,0.0,0
machinery_of_state,0.0,1
historic_process,0.0,0
collectivisation,0.0,3
fetishism,0.0,1
political_combination,0.0,1
conflict_of_principle,0.0,1
universal_suffrage,0.0,0
bourgeois_liberalism,0.0,1
hypercentralism,0.0,1
intellectualist_individualism,0.0,1
bell_jar_seclusion,0.0,0
directing_organisation_of_revolutionaries,0.0,0
co_optation,0.0,0
expropriation_of_bourgeoisie,0.0,0
national_bourgeois_state,0.0,0
historical_idealism,0.0,1
socialist_appeal,0.0,1
directive_prices,0.0,0
petty_bourgeois_deviation,0.0,0
productivity_of_labor,0.0,1
kulakism,0.0,1
petty_bourgeois_elements,0.0,0
class_conscious_worker,0.0,1
initiative_of_masses,0.0,0
marxist_sociology,0.0,0
workers_militia,0.0,1
factory_committees,0.0,0
permanent_juridical_guarantees,0.0,0
proletarian_tendency,0.0,0
party_patriotism,0.0,0
bourgeois_militarism,0.0,0
social_inequality,0.0,1
stalinist_party,0.0,1
transitional_regime,0.0,1
bureaucratic_subjectivism,0.0,2
gold_standard,0.0,2
soviet_union,0.0,1
opportunist_wing,0.0,0
party_congress,0.0,0
formal_bureaucratic_principle,0.0,1
formal_democratic_principle,0.0,1
organisational_tail_ism,0.0,1
russian_autocracy,0.0,1
millerandism,0.0,2
ministerial_tactics,0.0,2
emergency_laws,0.0,1
state_of_siege,0.0,1
jacobinism,0.0,1
minimum_program,0.0,2
political_liberty,0.0,4
international_capital,0.0,1
revolutionary_situation,0.0,1
workers_movement,0.0,1
transitional_epoch,0.0,1
revolutionary_mass_movement,0.0,0
mass_struggle,0.0,0
trade_union_fetishism,0.0,0
social_opinion,0.0,5
habit,0.0,5
intensification_of_labor,0.0,1
trade_unionism,0.0,0
eclecticism,0.0,1
revolutionary_government,0.0,0
military_industry,0.0,2
ruling_bureaucracy,0.0,0
socialized_means_of_production,0.0,0
exploitation_of_peasantry,0.0,1
classless_society,0.0,0
self_criticism,0.0,0
stalinist_theory,0.0,0
bourgeois_norms_of_labor,0.0,2
education,0.0,5
economic_powers_of_man,0.0,5
collective_farms,0.0,1
social_democratic_press,0.0,2
western_dominance,0.0,1
petty_bourgeois_culture,0.0,1
abortion_rights,0.0,1
social_equality,0.0,1
privileged_commanding_strata,0.0,0
private_ownership_of_means_of_production,0.0,0
socialist_accumulation,0.0,1
industrial_romanticism,0.0,1
planned_leadership,0.0,2
super_industrialization,0.0,2
lowest_stage_of_communism,0.0,4
capitalist_restoration,0.0,0
dnieperstroy,0.0,0
industrialization,0.0,0
right_deviation,0.0,1
standard_of_living,0.0,0
labour_organisation,0.0,0
socialized_agriculture,0.0,3
art,0.0,0
socialist_culture,0.0,3
bourgeois_features_of_state,0.0,1
new_ruling_stratum,0.0,0
seven_hour_working_day,0.0,0
petty_bourgeois_tendencies,0.0,1
thermidor,0.0,0
militarism,0.0,2
new_ruling_class,0.0,0
revolutionary_internationalism,0.0,0
thermidorian_reaction,0.0,0
command_without_appeal,0.0,0
national_communism,0.0,0
monopoly_of_foreign_trade,0.0,0
state_ownership_of_means_of_production,0.0,0
possessing_class,0.0,1
extra_class_bureaucracy,0.0,1
socialist_relations,0.0,0
socialist_property,0.0,1
party_monopoly,0.0,0
social_differentiation,0.0,1
state_wealth,0.0,1
commanding_strata,0.0,0
planned_distribution,0.0,1
socialist_distribution,0.0,1
capitalist_piecework_payment,0.0,2
communist_principle,0.0,2
bureaucratic_reaction,0.0,0
state_ism,0.0,0
workers_bureaucracy,0.0,1
commodity_prices_depend_on_wages,0.0,0
wants_as_motive_forces_of_production,0.0,0
balance_of_trade_equilibrium,0.0,0
money_as_token_of_value,0.0,0
human_energy,0.0,1
profit_on_capital,0.0,3
social_anarchy_of_production,0.0,2
social_means_of_action,0.0,1
mode_of_exchange,0.0,3
tableau,0.0,0
labour_value_theory,0.0,2
town_country_antagonism,0.0,3
planless_multiplication_of_private_enterprises,0.0,0
socialised_means_of_production,0.0,4
peasant_masses,0.0,6
direct_social_appropriation,0.0,2
capitalist_mode_of_appropriation,0.0,2
social_regulation_of_production,0.0,2
instinctive_impulses,0.0,6
rational_judgment,0.0,6
individual_responsibility,0.0,2
collective_responsibility,0.0,2
natural_basis_of_criminal_law,0.0,0
private_law_relationships,0.0,1
positive_civil_law,0.0,1
definition_of_life,0.0,0
law_of_definite_number,0.0,1
actual_division,0.0,1
definite_number,0.0,0
direct_individual_appropriation,0.0,2
social_estate,0.0,0
earnings_of_capital,0.0,1
capital_ownership,0.0,0
labour_certificate,0.0,0
equal_labour_exchange,0.0,0
under_consumption,0.0,1
social_wants,0.0,0
spurious_socialism,0.0,2
commodity_producing_society,0.0,0
remuneration_of_labour,0.0,0
authors_rights,0.0,0
direct_social_labor,0.0,5
social_production,0.0,1
mode_of_economy,0.0,1
rejection_of_credit_money,0.0,0
materialist_conception_of_nature,0.0,1
sexual_love,0.0,2
religion_as_affection_relation,0.0,2
sublation,0.0,0
dialectical_thinking,0.0,1
dialectical_philosophy,0.0,0
hegelian_dialectics,0.0,0
possession_rent,0.0,3
higher_scientific_method,0.0,0
economic_commune,0.0,3
capital_as_historical_phase,0.0,0
historical_phase,0.0,0
production_value,0.0,1
accumulation_of_treasures_price_effect,0.0,0
alchemy,0.0,1
albuminous_bodies,0.0,1
final_and_ultimate_truths,0.0,0
common_descent,0.0,0
mathematics,0.0,0
exact_sciences,0.0,1
eternal_truths,0.0,1
sovereignty_of_thought,0.0,0
unconditional_claim_to_truth,0.0,2
sovereign_validity,0.0,2
third_sphere,0.0,2
permissible_dependence,0.0,2
equality_of_rights,0.0,1
proletarian_morality,0.0,0
good_and_evil,0.0,0
differential_and_integral_calculus,0.0,1
moral_truth,0.0,2
positive_science,0.0,0
thought,0.0,4
dialectic_reasoning,0.0,0
metaphysical_mode_of_thought,0.0,0
communist_world_outlook,0.0,1
subdivision_of_labour,0.0,1
wage_determination,0.0,3
productive_forces_of_labour,0.0,2
absolute_standard_of_life,0.0,1
relative_wages,0.0,1
whole_part_relation,0.0,1
tautology,0.0,1
pure_logic,0.0,1
ultimate_truth,0.0,2
law_of_difference,0.0,0
marxian_logos_doctrine,0.0,0
historical_depiction_grand_style,0.0,0
philosophy_of_reality,0.0,2
domination_over_men,0.0,1
distribution_wealth,0.0,4
production_wealth,0.0,4
Darwinian_struggle_for_existence,0.0,1
extramundane_personal_god,0.0,1
self_equal_state_of_matter,0.0,1
Hegelian_logic,0.0,0
periodical_processes,0.0,0
distribution_process,0.0,7
natural_cost,0.0,2
cell_fission,0.0,1
individual_property,0.0,8
capitalist_mode_of_distribution,0.0,1
nerve_apparatus,0.0,1
life,0.0,2
composition,0.0,6
gravitating_atoms,0.0,0
mechanical_equivalent_of_heat,0.0,0
positive_knowledge,0.0,0
darwinism,0.0,0
teleology,0.0,0
human_knowledge,0.0,2
albuminous_body,0.0,2
exchange_of_matter,0.0,1
organic_exchange_of_matter,0.0,1
social_ownership,0.0,8
armed_rising,0.0,1
simple_labor_process,0.0,1
legal_equality,0.0,1
natural_law,0.0,1
socialization_of_production,0.0,0
state_organization_of_production,0.0,0
free_labor,0.0,1
militarization_of_labor,0.0,4
living_labor_power,0.0,0
socialist_economy,0.0,2
socialization,0.0,0
revolutionary_passivity,0.0,0
coup_d_etat,0.0,1
labor_state,0.0,0
capitalist_utilisation,0.0,0
compulsory_labor_service,0.0,1
revolutionary_self_defense,0.0,1
socially_regulated_labor,0.0,2
capitalist_slavery,0.0,2
instrument_of_labor,0.0,7
money_as_money,0.0,5
universal_commodity_of_contracts,0.0,1
credit_money,0.0,2
theory_of_evolution,0.0,1
matriarchal_gens,0.0,0
liberal_government,0.0,0
revolutionary_communes,0.0,1
revolutionary_bourgeoisie,0.0,1
khvostism,0.0,0
labor_armies,0.0,1
industrial_enterprise_administration,0.0,2
collegiate_management,0.0,2
one_man_management,0.0,2
communist_labor_voluntarism,0.0,4
subbotniks,0.0,4
labor_mobilization,0.0,4
electrification,0.0,1
civil_war,0.0,1
economic_organs,0.0,0
military_apparatus,0.0,1
capitalist_dictatorship,0.0,1
general_labor_service,0.0,1
revolutionary_epoch,0.0,1
bolshevization,0.0,1
repression,0.0,0
organizational_fetishism,0.0,1
revolutionary_democracy,0.0,0
mass_revolutionary_action,0.0,0
blanquism,0.0,0
revolutionary_defensism,0.0,0
october_revolution,0.0,0
kulak,0.0,2
inner_indifference,0.0,0
bourgeois_republican_regime,0.0,1
mass_consciousness,0.0,0
historic_objectivism,0.0,0
balance_of_power,0.0,2
stages_of_development,0.0,0
small_enterprises,0.0,3
armed_insurrection,0.0,1
consanguinity_system,0.0,0
dialectical_method,0.0,1
absolute_idea,0.0,1
feuerbachian_mortality,0.0,1
feuerbachian_morality,0.0,0
urge_towards_happiness,0.0,2
old_communism,0.0,0
communistic_household,0.0,0
consanguine_family,0.0,0
herd,0.0,4
kinship_naming,0.0,0
money_as_labour_certificate,0.0,1
domestic_slavery,0.0,0
monogamy,0.0,3
bourgeois_democratic_regimes,0.0,0
paternal_power,0.0,3
communistic_communities,0.0,1
gynaecocracy,0.0,1
consanguinity,0.0,2
iron_technology,0.0,0
household_community,0.0,1
gens,0.0,0
political_revolution,0.0,2
gender_equality,0.0,0
town_country_separation,0.0,0
new_productive_force,0.0,1
society_liberated_from_capitalist_production,0.0,1
fusion_of_town_and_country,0.0,4
capitalist_character,0.0,0
polyandry,0.0,5
bourgeois_democratic_boundaries,0.0,1
wage_worker,0.0,2
bernsteinism,0.0,1
osvobozhdeniye_tactics,0.0,1
social_democratic_party,0.0,2
proletarian_class_consciousness,0.0,0
peasanty_as_revolutionary_base,0.0,0
aristocratic_anarchism,0.0,1
centralisation_of_party_work,0.0,0
bonapartism_of_the_worst_type,0.0,0
dialectics,0.0,0
mechanical_methods,0.0,0
endogamous,0.0,1
exogamous,0.0,1
free_economic_communes,0.0,1
machinery_of_production,0.0,0
primitive_economic_basis,0.0,1
class_formation,0.0,1
cooperative_character_of_labour_process,0.0,0
collective_economy,0.0,0
proletarianization,0.0,2
large_state_enterprises,0.0,2
technical_development,0.0,2
collectivism,0.0,1
dictatorship_of_the_sansculottes,0.0,1
state_management_of_industry,0.0,0
mass_consciousness_growth,0.0,8
development_of_technique,0.0,8
producers_cooperative_societies,0.0,2
communist_communes,0.0,1
dictatorship_of_the_street,0.0,0
merchant,0.0,1
machine,0.0,1
literacy,0.0,3
leninism_as_doctorate,0.0,1
world_socialist_revolution,0.0,0
collective_enterprise,0.0,3
monopolistic_capitalism,0.0,1
domestic_system,0.0,1
flax_centre,0.0,2
agricultural_cooperatives,0.0,2
revolutionary_movement,0.0,1
practicalism,0.0,2
mechanical_improvement,0.0,1
communist_vainglory,0.0,0
russian_revolutionary_sweep,0.0,1
leninist_style_in_work,0.0,0
strategic_leadership,0.0,1
revolutionary_crisis,0.0,1
revolutionary_party,0.0,1
left_doctrinairism,0.0,1
ultra_leftism,0.0,1
capacity_for_labour,0.0,1
surplus_use_values,0.0,0
simple_unskilled_labour,0.0,0
embodied_labour,0.0,0
narrow_empiricism,0.0,2
exploitation_of_capital,0.0,0
elasticity_of_machinery,0.0,1
labour_intensification,0.0,0
relative_surplus_value,0.0,8
intensified_labour,0.0,2
concentration_of_means_of_production,0.0,0
price_of_labour_power,0.0,3
peasant_proprietor,0.0,0
wage_laborer,0.0,2
time_wages,0.0,1
wage_labor_system,0.0,1
automation,0.0,2
special_skill_transmission,0.0,0
collective_labour,0.0,6
labour_market,0.0,0
exploitation_of_labour,0.0,1
skill_accumulation,0.0,0
specialization,0.0,3
simple_co_operation,0.0,0
mass_education,0.0,2
detail_labourer,0.0,6
simultaneity_of_production,0.0,1
social_character,0.0,1
instrument_specialisation,0.0,2
instrument_differentiation,0.0,2
animal_spirits,0.0,1
capitalist_cooperation,0.0,0
national_liberation,0.0,3
inner_party_education,0.0,1
petty_bourgeois_ideology,0.0,2
lumpen_proletarian,0.0,2
party_organization,0.0,2
principle_of_ability_and_work,0.0,2
abolition_of_capitalism,0.0,1
handicraft_and_small_peasant_economy,0.0,1
individualism,0.0,1
supreme_party_conference,0.0,2
central_committee,0.0,2
workers_and_peasants_inspection,0.0,1
general_law_of_value,0.0,0
cultured_trader,0.0,0
equivalent,0.0,4
embodied_value,0.0,0
human_labour_power,0.0,1
equivalent_form_of_value,0.0,10
first_form_of_value,0.0,3
relative_value_form,0.0,1
primitive_form,0.0,2
simple_form_of_value,0.0,1
money_form_of_commodities,0.0,1
abstract_human_labour,0.0,6
second_form_of_value,0.0,5
mutual_assistance,0.0,2
cultural_revolution,0.0,2
accessory,0.0,5
principal_substance,0.0,5
social_conditions,0.0,2
surplus_population,0.0,2
slave_labour,0.0,2
value_transfer,0.0,3
universal_equivalent_form,0.0,10
circulation_of_commodities,0.0,4
c_m_c_circuit,0.0,19
m_c_m_circuit,0.0,20
general_conditions_of_production,0.0,0
quantity_of_circulating_commodities,0.0,4
non_proletarian_ideas,0.0,0
free_labourer,0.0,5
circulation_of_money_as_capital,0.0,0
material_force_of_theory,0.0,0
quantitative_to_qualitative_change,0.0,0
intermediate_class,0.0,3
democracy_in_the_red_army,0.0,1
mass_base,0.0,0
guerrilla_uprisings,0.0,1
peasant_associations,0.0,0
rural_proletariat,0.0,0
petty_bourgeois_individualism,0.0,1
marxist_leninist_basis,0.0,0
military_affairs,0.0,0
circulating_money,0.0,4
redundancy_of_labour,0.0,0
slaves_of_labour,0.0,1
industrial_pathology,0.0,0
authority,0.0,1
agricultural_proletariat,0.0,1
reproduction_and_circulation_of_social_capital,0.0,0
colonisation,0.0,2
middleman,0.0,0
variable_and_constant_capital,0.0,0
law_of_diminishing_returns,0.0,0
child_labor,0.0,0
industrial_concentration,0.0,1
factory_system,0.0,0
commodity_money_transformation,0.0,0
money_commodity_transformation,0.0,7
agricultural_revolution,0.0,0
ricardian_theory_of_value,0.0,1
phlogiston,0.0,0
capitalist_character_of_production_process,0.0,0
absolute_depopulation,0.0,1
freedom_of_labour,0.0,0
truck_system,0.0,1
reserve_army,0.0,0
land_nationalisation,0.0,0
socialisation,0.0,0
class_relation,0.0,2
movable_capital,0.0,0
ownership_titles,0.0,1
money_reserve_fund,0.0,0
farmer_capital,0.0,1
romantic_school,0.0,0
sinking_fund,0.0,1
replacement,0.0,0
reproduction_term,0.0,1
original_advances,0.0,3
metamorphoses_of_capital,0.0,1
reserve_fund,0.0,10
circuit_of_productive_capital,0.0,1
instruments_of_production,0.0,5
functional_form,0.0,0
functional_form_of_capital,0.0,1
general_circulation_of_commodities,0.0,1
natural_economy,0.0,0
exchange_economy,0.0,0
auxiliary_material,0.0,1
time_of_circulation,0.0,1
circular_process,0.0,1
unproductive_costs,0.0,0
book_keeping,0.0,1
money_economy,0.0,1
industrial_classes,0.0,1
old_modes_of_production,0.0,1
seasonal_work,0.0,1
free_labouring_poor,0.0,1
skilled_vs_unskilled_labour,0.0,0
price_formation,0.0,0
reproduction_of_wealth,0.0,1
employment,0.0,4
squandering_of_labour_power,0.0,4
useless_labour,0.0,3
economy_of_means_of_production,0.0,3
economy_of_labour,0.0,3
primitive_labour,0.0,0
labor_emigration,0.0,0
piece_wages,0.0,3
petty_bourgeois_element,0.0,0
forced_labour,0.0,3
time_wage,0.0,3
technical_revolution,0.0,1
reserve_army_of_labour,0.0,4
historic_mode_of_production,0.0,2
law_of_population,0.0,2
collective_working_organism,0.0,1
moral_depreciation,0.0,1
machinery_productivity,0.0,1
variation_of_work,0.0,0
anarchy_in_production,0.0,1
organic_relation,0.0,1
domestic_industry,0.0,0
bourgeois_economist,0.0,1
transition_to_socialism,0.0,2
threshold_of_socialism,0.0,0
planned_state_organisation,0.0,1
pre_capitalist_relations,0.0,1
socialist_exchange_of_products,0.0,1
transitional_character,0.0,0
public_education,0.0,3
universal_literacy,0.0,1
soviet_government,0.0,0
bourgeois_experts,0.0,0
private_capitalists,0.0,0
socially_necessary_work,0.0,0
power_loom,0.0,0
overpopulation,0.0,0
vulgar_economy,0.0,1
classical_political_economy,0.0,1
bourgeois_production,0.0,1
consumption_of_labour_power,0.0,0
supernumerary_labourers,0.0,0
combined_labour,0.0,2
colonialism,0.0,0
physiocratic_doctrine,0.0,0
labour_power_as_commodity,0.0,1
monetary_crisis,0.0,1
money_form_of_value,0.0,0
labour_money,0.0,0
community,0.0,1
kuomintang,0.0,11
point_by_point_defence,0.0,1
reactionary_doctrine,0.0,0
antagonism,0.0,2
identity_of_opposites,0.0,1
conditional_identity,0.0,2
marxist_theory_of_knowledge,0.0,1
unity_of_opposites,0.0,2
national_assembly,0.0,1
guerrilla_ism,0.0,1
protracted_peoples_war,0.0,3
peoples_war,0.0,0
kinship,0.0,2
economic_struggle,0.0,7
unity_and_struggle,0.0,0
tension_and_relaxation,0.0,0
negation_of_negation,0.0,1
political_struggle,0.0,8
direct_action,0.0,1
class_interests,0.0,0
nationalism,0.0,3
national_identity,0.0,0
national_oppression,0.0,0
social_patriotism,0.0,1
social_patriotic_tendency,0.0,4
red_guards,0.0,0
local_self_government,0.0,4
departmental_autonomy,0.0,0
decentralization,0.0,1
state_centralism,0.0,0
federation_principle,0.0,2
popular_education,0.0,0
public_health,0.0,4
professional_intelligentsia,0.0,0
self_governing_officials,0.0,1
neat_revenue,0.0,6
consumer_goods,0.0,1
expanding_reproduction,0.0,1
bourgeois_democratic_state,0.0,1
national_bourgeoisie,0.0,0
reactionary_forces,0.0,0
lumpen_proletariat,0.0,1
mass_revolutionary_method,0.0,1
encirclement_and_suppression,0.0,1
united_front,0.0,1
positional_warfare,0.0,2
revolutionary,0.0,2
reactionary,0.0,2
military_equalitarianism,0.0,1
concentrated_strength,0.0,1
balance_of_forces,0.0,1
revolutionary_civil_war,0.0,0
li_li_san_line,0.0,1
party_democracy,0.0,0
colonial_world,0.0,2
third_camp,0.0,2
class_relations,0.0,1
class_definition,0.0,0
defense_of_ussr,0.0,0
nazism,0.0,3
bureaucracy_as_class,0.0,0
parasitic_bureaucracy,0.0,2
kolkhoz_aristocracy,0.0,1
capitalist_property,0.0,1
class_nature_of_state,0.0,1
capitalist_development_cycle,0.0,0
methodological_skepticism,0.0,0
aristotelian_logic,0.0,0
formal_logic,0.0,1
revolutionary_centralism,0.0,0
abstentionism,0.0,1
third_international,0.0,2
fourth_international,0.0,2
petty_bourgeois_intellectuals,0.0,3
impressionism,0.0,3
method,0.0,0
organisation_of_revolutionaries,0.0,1
trade_union_organisation,0.0,2
political_consciousness,0.0,2
non_working_time,0.0,1
bourgeois_parliamentary_constitutional_state,0.0,0
particularism,0.0,8
land_nationalization,0.0,0
centralization_of_state,0.0,0
despotism,0.0,1
strategic_retreat,0.0,1
active_defence,0.0,1
local_newspapers,0.0,5
democratic_principles,0.0,0
inequality_of_representation,0.0,0
political_groupings,0.0,0
economic_materialism,0.0,0
property_forms,0.0,0
freedom_of_criticism,0.0,6
propaganda,0.0,1
central_press,0.0,5
revolution_by_the_masses,0.0,1
bureaucratic_revolution,0.0,1
petty_bourgeois_hysteria,0.0,1
marxist_objectivism,0.0,1
petty_bourgeois_faction,0.0,0
defeatism,0.0,0
bloc,0.0,1
scientific_method,0.0,1
confiscation,0.0,1
proletarian_politician,0.0,1
third_period,0.0,0
laws_of_war,0.0,2
correct_methods_of_work,0.0,5
correct_style_of_leadership,0.0,5
guerrilla_warfare,0.0,2
patient_persuasion,0.0,2
commandist_methods,0.0,2
private_ownership,0.0,3
under_production,0.0,3
external_market,0.0,4
profit_motive,0.0,1
national_economy,0.0,1
international_capitalist_economy,0.0,0
legislative_centralism,0.0,1
capital_profit,0.0,7
primitive_communist_foundation,0.0,1
protective_tariffs,0.0,0
realisation_of_surplus_value,0.0,1
reproduction_of_social_capital,0.0,0
elasticity_of_labour_power,0.0,1
extractive_industry,0.0,1
non_capitalist_circles,0.0,1
natural_increase_of_working_class,0.0,3
capitalist_commodity_production,0.0,1
cash_reserves,0.0,1
reproduction_of_total_capital,0.0,1
internal_market,0.0,2
clan_communism,0.0,2
neo_mercantilism,0.0,0
political_ripeness,0.0,0
socialist_economic_reform,0.0,2
socialist_democracy,0.0,3
lumpenproletariat,0.0,0
popular_representation,0.0,0
constituent_assembly,0.0,3
simple_labour,0.0,3
rural_communal_ownership,0.0,1
reactionary_utopianism,0.0,0
class_conscious_proletariat,0.0,0
laws_of_revolutionary_war,0.0,0
agricultural_research_schools,0.0,1
small_experimental_farms,0.0,1
irrigation,0.0,0
draught_oxen_cooperatives,0.0,0
ploughing_teams,0.0,1
mutual_aid_groups,0.0,1
co_operatives,0.0,0
bureaucratic_methods,0.0,2
mass,0.0,1
cooperative_enterprise,0.0,2
state_enterprise,0.0,2
bureaucratic_leadership,0.0,0
mutual_aid_society,0.0,0
capitalist_reproduction,0.0,1
great_revolution,0.0,0
new_stage,0.0,1
old_stage,0.0,1
alliance_policy,0.0,1
isolation_policy,0.0,1
correct_cadre_policy,0.0,1
sectarian_cadre_policy,0.0,1
authoritative_discipline,0.0,2
women_participation_in_production,0.0,1
land_redistribution,0.0,1
proletarian_leadership,0.0,2
guerrilla_tactics,0.0,0
commodity_surplus,0.0,1
reproduction_of_fixed_capital,0.0,1
fixed_capital_renewal,0.0,3
production_of_money,0.0,0
intermediate_pauses,0.0,1
variable_constituent,0.0,3
constant_to_variable_capital_ratio,0.0,3
bureaucratic_centralism,0.0,0
public_welfare,0.0,1
reserve_labor_force,0.0,1
big_capital,0.0,1
mass_unemployment,0.0,1
medieval_particularism,0.0,2
modern_administration,0.0,2
relations_of_value,0.0,0
planned_society,0.0,1
circulation_of_capitals,0.0,2
distribution_of_product,0.0,0
wage_price_relation,0.0,0
natural_equilibrium_between_production_and_demand,0.0,0
capitalist_contradictions,0.0,0
income_on_capitals,0.0,1
national_income,0.0,0
abstract_socially_necessary_labour,0.0,1
concrete_useful_labour,0.0,1
feudal_patriarchal_system,0.0,0
leninism,0.0,4
small_rear_areas,0.0,0
annihilate_enemy,0.0,0
fluid_battle_lines,0.0,1
protracted_war,0.0,2
quick_decision,0.0,2
protracted_campaigns,0.0,2
guerrilla_character,0.0,1
democracy_within_limits,0.0,2
warlord_ways,0.0,2
political_discipline,0.0,1
bandit_ways,0.0,1
propagandist_and_organizer,0.0,1
purely_military_viewpoint,0.0,1
relatively_centralized_command,0.0,0
single_fist_strategy,0.0,0
faulty_social_relations,0.0,2
incidental_expenses_of_production,0.0,2
publisher,0.0,3
writer,0.0,3
conditions_of_production,0.0,2
replacement_in_kind,0.0,2
mining,0.0,2
productive_labourers,0.0,0
social_manufacture,0.0,3
immaterial_commodities,0.0,1
productive_vs_unproductive_labour,0.0,1
social_form,0.0,1
turnover_of_fixed_capital,0.0,2
mercantile_system,0.0,0
artificial_needs,0.0,1
public_debts,0.0,1
exported_commodity,0.0,0
immaterial_labour,0.0,6
material_labour,0.0,6
consumable_products,0.0,2
consumption_system,0.0,1
simple_commodity_production,0.0,1
credit_theory,0.0,1
abstract_to_concrete,0.0,0
presentation_vs_inquiry,0.0,0
unproductive_class,0.0,0
sovereign_distribution_of_property,0.0,0
labour_as_source_of_wealth,0.0,1
value_of_land,0.0,1
advances_to_production,0.0,1
essential_class,0.0,2
capital_in_circulation,0.0,1
dead_stock_of_money,0.0,0
exchange_of_equivalents,0.0,0
extensive_commerce,0.0,0
real_circulation_of_commodities,0.0,1
national_capital,0.0,1
non_productive_class,0.0,2
indirect_means_of_production,0.0,0
overconsumption,0.0,4
unproductive_labourers,0.0,1
reflux_of_money,0.0,0
real_revenue,0.0,2
second_revolution,0.0,0
productive_worker,0.0,0
immaterial_values,0.0,1
material_goods,0.0,1
internal_goods,0.0,1
division_of_intellectual_labour,0.0,1
productive_means,0.0,1
direct_production,0.0,1
stock_of_goods,0.0,1
machines,0.0,0
law_of_conservation_and_transformation_of_energy,0.0,1
law_of_economy_of_forces,0.0,1
bureaucratic_socialism,0.0,0
utilitarianism,0.0,1
sympathy,0.0,1
theism,0.0,0
pure_experience,0.0,2
subjective_idealist_theory_of_knowledge,0.0,2
epicureanism,0.0,3
natural_productivity_of_labour,0.0,3
investment_capital,0.0,1
bank_money,0.0,0
crisis_theory,0.0,3
production_for_direct_use_value,0.0,1
capitalist_system_of_production,0.0,1
social_form_of_wealth,0.0,1
gold_drain,0.0,1
necessary_price,0.0,1
guild_system,0.0,0
primitive_communism,0.0,1
constant_portion_of_capital,0.0,3
land_area,0.0,2
value_determination,0.0,1
land_as_capital,0.0,1
general_regulating_production_price,0.0,2
rent_per_acre,0.0,2
metal_barrier,0.0,1
rate_of_profit_decline,0.0,3
transformation_problem,0.0,3
revolutionary_marxism,0.0,2
internal_contradictions_of_capitalism,0.0,0
trinitarian_formula,0.0,0
vulgar_political_economy,0.0,1
class_roots,0.0,0
nature_assistance_to_man,0.0,0
physiocracy,0.0,0
bourgeois_political_economy,0.0,2
class_essence,0.0,2
wages_and_profit,0.0,11
economy_of_forces,0.0,1
small_landed_property,0.0,0
private_land_ownership,0.0,0
self_managing_peasant_proprietorship,0.0,0
rentless_soil,0.0,1
principal_coordination,0.0,0
energeticist_philosophy,0.0,1
metaphysical_materialism,0.0,2
immanentist,0.0,1
reactionary_philosophy,0.0,1
neo_mechanism,0.0,2
neo_mechanist_school,0.0,0
conceptualism,0.0,0
mechanical_theory_of_universe,0.0,1
large_landed_property,0.0,1
worker,0.0,3
landowner,0.0,3
interest_on_capital,0.0,1
natural_price_of_commodities,0.0,0
corn_rent,0.0,6
taxes_on_producers,0.0,1
taxes_on_consumers,0.0,1
agricultural_rent,0.0,3
effectual_demand,0.0,9
sufficient_price,0.0,10
natural_rate,0.0,5
necessary_means_of_subsistence,0.0,3
property_by_labour,0.0,1
law_of_supply_and_demand,0.0,1
natural_price_of_labour,0.0,0
law_of_values,0.0,2
agricultural_value,0.0,17
andersonian_theory,0.0,1
malthus,0.0,1
comparative_value,0.0,7
wages_profit_rent,0.0,1
rent_rate,0.0,0
values_of_commodities,0.0,5
time_of_reproduction,0.0,3
migration_of_land,0.0,3
capital_as_accumulated_labour,0.0,1
labour_embodied,0.0,0
exchange_relation,0.0,3
invariable_measure_of_value,0.0,1
means_of_employing_labour,0.0,1
labour_as_source_of_value,0.0,0
ricardian_definition_of_value,0.0,1
real_cost_value,0.0,2
money_as_representation_of_value,0.0,4
exchangeability,0.0,1
population_principle,0.0,1
composition_of_constant_capital,0.0,1
value_of_corn,0.0,5
continuous_flow_of_capital,0.0,0
preservation,0.0,2
labour_costs,0.0,2
surplus_of_commodities,0.0,1
over_abundance_of_capital,0.0,2
continuous_accumulation,0.0,1
demand_for_labour,0.0,3
general_glut,0.0,1
unproductive_workers,0.0,1
labour_class,0.0,2
fertile_land,0.0,1
free_wage_labour,0.0,1
non_agricultural_capital,0.0,6
normal_working_day,0.0,1
natural_price_of_labor,0.0,4
absolute_improvement,0.0,0
capitalised_ground_rent,0.0,3
raw_product,0.0,7
manufactured_product,0.0,7
pre_capitalist_mode_of_production,0.0,0
rent_theory,0.0,3
value_of_material,0.0,3
excess_rent,0.0,2
method_of_investigation,0.0,2
faulty_architectonics,0.0,2
agricultural_privilege,0.0,6
large_scale_agriculture,0.0,1
migration_of_labour,0.0,3
commodity_durability,0.0,5
malthusian_population_theory,0.0,0
productive_unproductive_labour,0.0,0
patriarchal_relation,0.0,0
forms_of_exchange,0.0,0
labour_productive_powers,0.0,1
money_as_medium_of_exchange,0.0,0
means_of_circulation,0.0,1
unproductive_labor,0.0,3
simple_circulation,0.0,1
commodity_reproduction,0.0,1
continuous_reproduction,0.0,0
process_of_capital,0.0,0
unproductive_hands,0.0,1
total_rent,0.0,29
organic_composition_of_agricultural_capital,0.0,0
economic_rent,0.0,1
law_of_rent,0.0,0
capital_domination,0.0,1
permanent_price,0.0,3
value_of_product,0.0,1
landlords,0.0,7
natural_reproduction,0.0,2
critical_idealism,0.0,1
apriorism,0.0,2
materialist_view_of_causality,0.0,0
basic_experience,0.0,0
economy_of_thought,0.0,1
modern_positivism,0.0,0
logos,0.0,0
reality,0.0,3
knowledge,0.0,3
marxism_leninism,0.0,1
phenomenalism,0.0,4
freedom_and_necessity,0.0,0
relativism,0.0,1
objective_reality_of_space_and_time,0.0,2
kantian_philosophy,0.0,0
theory_of_knowledge,0.0,0
natural_science,0.0,5
objective_reality_of_time_and_space,0.0,0
total_labour,0.0,1
scientific_labour,0.0,1
conditions_of_labour,0.0,4
annual_turnover,0.0,2
social_nature_of_labour,0.0,0
economy_of_waste,0.0,0
surplus_labor,0.0,4
simple_and_complicated_labor,0.0,2
accumulation_of_wealth,0.0,1
circulating_constituent_parts,0.0,1
wage_advance,0.0,0
annual_labour,0.0,0
surplus_productiveness,0.0,1
surplus_productive_supply,0.0,1
money_capital_reflux,0.0,0
fixed_capital_depreciation,0.0,0
consumption_goods,0.0,2
trading_and_producing,0.0,0
reserve_money_capital,0.0,2
commodity_stores,0.0,1
accumulating_reproduction,0.0,0
annual_reproduction,0.0,0
extended_scale,0.0,2
process_of_circulation,0.0,4
process_of_production,0.0,4
social_consumption_fund,0.0,1
commercial_labour,0.0,0
commercial_profit,0.0,1
fixed_capital_investment,0.0,0
greed_for_wealth,0.0,0
dutch_east_india_company,0.0,2
colonial_economy,0.0,2
mercantile_price,0.0,7
additional_profit,0.0,2
merchant_capital_turnover,0.0,2
labour_power_transfer,0.0,0
mobility_of_capital,0.0,0
average_value,0.0,1
dialectician,0.0,1
demand_and_supply,0.0,2
normal_price_of_labour,0.0,0
surplus_capital,0.0,2
absolute_surplus_value,0.0,3
hours_of_labour,0.0,1
reserve_army_of_labor,0.0,0
propertyless_day_laborers,0.0,1
colonial_oppression,0.0,3
industrial_depression,0.0,1
cartels,0.0,2
combination_of_production,0.0,1
reactionary_bourgeois_philosophy,0.0,1
humism,0.0,5
competition_among_capitals,0.0,1
means_of_transportation,0.0,1
labour_products,0.0,1
lease_duration,0.0,1
dead_stock,0.0,1
draught_animals,0.0,1
working_time,0.0,6
production_capital,0.0,2
social_wealth,0.0,1
variable_component,0.0,1
fixed_capital_turnover,0.0,5
condition_of_domination,0.0,1
political_state,0.0,0
value_principle,0.0,0
bourgeois_character_of_revolution,0.0,1
alliance_proletariat_peasants,0.0,1
bourgeois_dictatorship,0.0,1
revolutionary_marxists,0.0,0
bourgeois_parliamentary_system,0.0,1
dictatorship_of_the_bourgeoisie,0.0,1
proletarian_state,0.0,1
petty_bourgeois_reform,0.0,0
transitional_demands,0.0,1
bourgeois_journalism,0.0,0
trusts,0.0,1
holding_system,0.0,2
capital_concentration,0.0,2
bourgeois_conception,0.0,1
unproductive_capital,0.0,6
advanced_money_capital,0.0,0
social_money_supply,0.0,1
additional_supply_for_production,0.0,1
release_of_money_capital,0.0,1
cartel,0.0,1
free_competition,0.0,0
ultraimperialism,0.0,0
colonial_policy,0.0,7
financial_oligarchy,0.0,1
annexation,0.0,1
inter_imperialism,0.0,1
duration_of_productive_act,0.0,2
imperialist_parasitism,0.0,2
primitive_democracy,0.0,1
socialisation_of_production,0.0,0
capital_ii,0.0,4
law_of_circulation_of_commodities,0.0,0
credit_operations,0.0,1
working_week,0.0,1
capitalist_enterprise,0.0,0
centralisation_of_capitals,0.0,5
value_relations,0.0,0
reserve_funds,0.0,2
currency_of_money,0.0,2
functioning_capital_values,0.0,5
usurer_state,0.0,2
tribute,0.0,0
money_supply,0.0,2
gold_as_money_capital,0.0,1
money_quantity,0.0,4
currency_theory,0.0,0
deposits,0.0,1
liquidity_crisis,0.0,0
specie_payments,0.0,0
monopoly_of_means_of_production,0.0,2
idle_capital,0.0,0
bank_credit,0.0,1
precious_metal,0.0,1
selling_price,0.0,3
competitive_production,0.0,2
positive_right,0.0,0
private_landed_property,0.0,0
lease_money,0.0,5
price_of_land,0.0,9
circulation_mass,0.0,4
advance_of_capital,0.0,2
reflux,0.0,1
circulating_money_mass,0.0,2
deferred_shares,0.0,1
preferred_shares,0.0,1
financial_trusts,0.0,0
commodity_abundance,0.0,1
over_productiveness,0.0,2
surplus_productivity,0.0,2
under_productiveness,0.0,2
total_output,0.0,1
investment_of_capital,0.0,1
rate_of_productiveness,0.0,1
property_in_land,0.0,1
regulating_market_price,0.0,1
functioning_capital,0.0,4
natural_force,0.0,8
natural_water_power,0.0,1
mechanical_developments,0.0,3
debts_are_commodities,0.0,0
economic_relation,0.0,3
soil_fertility,0.0,0
soil_hierarchy,0.0,1
stage_of_development,0.0,1
natural_soil_fertility,0.0,1
intensive_cultivation,0.0,0
agricultural_methods,0.0,1
soil_composition,0.0,1
mechanical_means,0.0,2
chemical_means,0.0,2
differential_rent_ii,0.0,7
unemployed_capital,0.0,0
bank,0.0,1
chemical_composition,0.0,3
shamefaced_materialism,0.0,0
realistic_hypothesis,0.0,0
hieroglyphic_materialism,0.0,1
reduced_sensations,0.0,0
psychical,0.0,0
immanentist_school,0.0,0
natural_rate_of_interest,0.0,2
securities,0.0,2
bankers,0.0,3
loanable_capital,0.0,3
value_money,0.0,1
mercantile_capital,0.0,2
paper_money_capital,0.0,0
mercantile_profit,0.0,1
total_profit,0.0,6
capital_as_commodity,0.0,0
luxury,0.0,10
discounting_of_bills,0.0,1
cash_credit,0.0,0
circulation_of_commercial_capital,0.0,2
crises,0.0,2
law_of_increased_productivity_of_labour,0.0,1
tendency_of_profit_to_fall,0.0,0
division_of_mercantile_capital,0.0,1
law_of_equalisation_of_rate_of_profit,0.0,0
fictitious_demand,0.0,0
self_reproducing_capital,0.0,0
money_multiplier,0.0,0
reserve_capital,0.0,1
additional_circulation,0.0,1
over_exertion,0.0,2
speculative_element,0.0,0
bank_note,0.0,4
money_loans,0.0,0
financial_capital_accumulation,0.0,0
circuit_of_reproduction,0.0,1
bill_of_exchange,0.0,2
capital_is_commodity,0.0,0
bank_notes_are_circulation,0.0,0
abstract_human_labor,0.0,1
imaginary_capital,0.0,0
money_form_of_capital,0.0,2
conservation_of_energy,0.0,0
monism,0.0,0
epistemological_idealism,0.0,1
bourgeois_philosophy,0.0,3
dialecticians,0.0,1
metaphysicians,0.0,1
materialist_theory,0.0,1
non_proletarian_socialism,0.0,1
peasant_war,0.0,1
revolutionary_tactics,0.0,0
working_hypotheses,0.0,0
bullion_is_capital,0.0,1
